,Cities,Cloudiness,Country,Date,Humidity,Lat,Lng,Max Temp,Wind Speed
0,Chokurdakh,36,RU,1554422530,98,70.62,147.9,263.717,2.26
1,Padang,12,ID,1554422530,100,-0.92,100.36,300.567,1.31
2,Kidal,56,ML,1554422531,24,18.44,1.41,297.967,0.96
3,Thompson,90,CA,1554418800,73,55.74,-97.86,267.15,3.6
4,Bandarbeyla,0,SO,1554422531,100,9.49,50.81,299.517,2.11
5,Rikitea,0,PF,1554422531,100,-23.12,-134.97,297.917,7.36
6,Chicama,20,PE,1554418800,88,-7.84,-79.15,294.15,4.1
7,Kailua,40,US,1554422485,65,21.39,-157.74,302.15,4.1
8,Buala,80,SB,1554422532,79,-8.15,159.59,303.467,3.41
9,Piacabucu,24,BR,1554422532,87,-10.41,-36.43,299.417,2.76
10,Provideniya,0,RU,1554418800,68,64.42,-173.23,270.15,5.0
11,Tilichiki,92,RU,1554422533,89,60.47,166.1,274.867,4.11
12,Nemuro,0,JP,1554420600,38,43.32,145.57,278.15,1.5
13,Meulaboh,12,ID,1554422336,100,4.14,96.13,299.267,2.31
14,Hermanus,80,ZA,1554421591,88,-34.42,19.24,287.59,1.46
15,Ushuaia,75,AR,1554418800,93,-54.81,-68.31,277.15,10.8
16,Puerto Ayora,32,EC,1554422387,100,-0.74,-90.35,299.117,0.81
17,Iqaluit,75,CA,1554421924,71,63.75,-68.52,258.15,10.3
18,Noyabrsk,88,RU,1554422534,92,63.2,75.45,272.417,4.46
19,Busselton,0,AU,1554422409,63,-33.64,115.35,283.15,4.06
20,Kotri,0,PK,1554422534,74,25.36,68.31,296.017,3.91
21,Jumla,0,NP,1554422535,89,29.28,82.18,270.917,1.16
22,Hilo,40,US,1554422474,57,19.71,-155.08,299.15,4.1
23,Tautira,40,PF,1554421945,74,-17.73,-149.15,304.15,5.1
24,Saint-Philippe,1,CA,1554422528,69,45.36,-73.48,274.26,3.1
25,Pevek,32,RU,1554422536,95,69.7,170.27,265.967,2.41
26,Georgetown,40,GY,1554418800,78,6.8,-58.16,300.15,5.1
27,Tuatapere,92,NZ,1554422408,69,-46.13,167.69,285.93,2.96
28,Jamestown,0,AU,1554422537,37,-33.21,138.6,297.767,6.96
29,Ushtobe,8,KZ,1554422538,79,45.25,77.98,276.417,1.16
30,Yellowknife,20,CA,1554422363,51,62.45,-114.38,262.04,6.2
31,Bluff,12,AU,1554422538,52,-23.58,149.07,298.617,6.01
32,Bethel,1,US,1554422160,69,60.79,-161.76,273.15,9.8
33,Kodiak,90,US,1554422524,47,39.95,-94.76,287.15,2.1
34,Illapel,80,CL,1554422539,89,-31.63,-71.17,289.267,1.66
35,Potenza,90,IT,1554418500,93,40.64,15.8,277.15,7.2
36,Vihti,0,FI,1554422532,92,60.42,24.32,273.15,0.5
37,Fukue,0,JP,1554422415,57,35.03,136.69,291.48,2.1
38,Punta Arenas,75,CL,1554421950,70,-53.16,-70.91,281.15,7.2
39,Villarrica,0,CL,1554418800,76,-39.28,-72.23,284.15,2.6
40,Romitan,0,UZ,1554418800,87,39.93,64.38,289.15,4.1
41,Oyonnax,75,FR,1554422477,82,46.26,5.66,274.15,1.5
42,Punta Alta,92,AR,1554422524,96,-27.46,-55.82,296.017,2.56
43,Tasiilaq,0,GL,1554418200,73,65.61,-37.64,270.15,2.6
44,East London,68,ZA,1554422542,100,-33.02,27.91,294.267,11.21
45,Castro,90,CL,1554418800,76,-42.48,-73.76,284.15,1.5
46,Mar del Plata,0,AR,1554422524,48,-46.43,-67.52,289.467,8.06
47,Nagapattinam,0,IN,1554422543,81,10.76,79.84,298.667,2.56
48,Kriva Palanka,40,MK,1554420600,61,42.2,22.33,283.15,1.5
49,Tuktoyaktuk,75,CA,1554418800,77,69.44,-133.03,257.15,3.1
50,Djibo,92,BF,1554422544,64,14.1,-1.63,304.117,1.21
51,Cidreira,76,BR,1554422544,91,-30.17,-50.22,297.167,2.41
52,Balkhash,8,KZ,1554422544,75,46.84,74.98,275.917,1.26
53,Bredasdorp,76,ZA,1554422490,81,-34.53,20.04,287.04,3.1
54,Mataura,76,NZ,1554422408,69,-46.19,168.86,285.93,2.36
55,Korem,0,ET,1554422545,89,12.51,39.52,283.517,0.61
56,Loreto,44,PY,1554422545,82,-23.27,-57.32,299.917,2.41
57,Severo-Kurilsk,36,RU,1554422546,91,50.68,156.12,274.667,2.06
58,Srednekolymsk,20,RU,1554422546,76,67.46,153.71,266.817,1.41
59,Dunedin,92,NZ,1554422072,65,-45.87,170.5,284.82,5.81
60,Mayumba,76,GA,1554422546,100,-3.44,10.65,299.567,2.81
61,Port Macquarie,90,AU,1554422404,88,-31.43,152.91,298.15,2.6
62,Muros,75,ES,1554422515,100,42.77,-9.06,280.93,2.1
63,Vila Velha,0,BR,1554422288,83,-3.71,-38.6,299.82,1.0
64,Albany,1,US,1554422525,29,42.65,-73.75,278.15,7.2
65,San Luis,0,AR,1554422275,28,-33.3,-66.34,290.667,4.21
66,Port Elizabeth,1,US,1554422522,40,39.31,-74.98,289.26,3.6
67,Nabire,8,ID,1554422549,81,-3.36,135.5,298.717,1.06
68,Jacareacanga,80,BR,1554422549,84,-6.22,-57.76,300.317,1.51
69,Kariapatti,0,IN,1554422549,91,9.68,78.1,295.167,1.06
70,Yulara,0,AU,1554418800,30,-25.24,130.99,295.15,2.6
71,Rome,75,IT,1554422465,87,41.89,12.48,282.59,1.0
72,Ribeira Grande,48,PT,1554422550,100,38.52,-28.7,287.467,8.01
73,Sioux Lookout,75,CA,1554418800,32,50.1,-91.92,278.15,5.1
74,Vardo,75,US,1554422317,47,39.62,-77.74,289.15,1.06
75,Cape Town,75,ZA,1554422291,72,-33.93,18.42,288.71,6.2
76,Usinsk,80,RU,1554422551,92,66.0,57.56,273.167,6.06
77,Upernavik,8,GL,1554422551,87,72.79,-56.15,262.817,7.71
78,Barrow,0,AR,1554422552,79,-38.31,-60.23,287.067,7.01
79,Gat,0,SN,1554420600,72,14.69,-16.54,296.15,9.3
80,Kofele,20,ET,1554422552,99,7.07,38.78,279.317,1.31
81,Lompoc,40,US,1554422482,59,34.64,-120.46,290.15,3.1
82,Koslan,20,RU,1554422553,76,63.46,48.9,272.117,3.21
83,Kruisfontein,92,ZA,1554422553,89,-34.0,24.73,290.467,5.66
84,Aripuana,20,BR,1554422553,85,-9.17,-60.63,300.167,0.91
85,Mandalgovi,20,MN,1554422553,77,45.76,106.27,275.567,3.11
86,Palmer,0,AU,1554422444,23,-34.85,139.16,304.82,8.7
87,Dicabisagan,88,PH,1554422554,100,17.08,122.42,297.167,1.21
88,Aklavik,5,CA,1554418800,61,68.22,-135.01,262.15,2.1
89,Fortuna,75,ES,1554422414,76,38.18,-1.13,287.15,1.81
90,Tabou,56,CI,1554422555,100,4.42,-7.36,300.617,6.46
91,Wum,100,CM,1554422555,50,6.39,10.08,297.017,0.81
92,Medea,75,DZ,1554420600,93,36.27,2.77,284.15,2.1
93,Bambous Virieux,20,MU,1554422343,88,-20.34,57.76,297.59,0.5
94,New Norfolk,20,AU,1554422535,44,-42.78,147.06,292.04,5.1
95,Khatanga,64,RU,1554422556,89,71.98,102.47,264.767,7.01
96,Kapaa,75,US,1554422505,54,22.08,-159.32,301.15,5.7
97,Isla Vista,90,US,1554422542,67,34.41,-119.86,290.15,2.6
98,Miandrivazo,12,MG,1554422557,93,-19.53,45.46,293.067,1.31
99,Poum,80,MK,1554422557,70,41.28,20.71,278.817,1.11
100,Copiapo,0,CL,1554418800,68,-27.37,-70.33,291.15,5.1
101,Auki,0,NG,1554422557,42,12.18,6.51,295.217,1.61
102,Huangmei,0,CN,1554422557,97,30.1,115.95,286.567,2.21
103,Nyrob,0,RU,1554422558,70,60.74,56.73,265.517,2.26
104,Piracanjuba,92,BR,1554422558,85,-17.3,-49.02,297.467,1.56
105,Tavda,0,RU,1554422558,63,58.04,65.27,264.167,1.21
106,Saint-Augustin,0,FR,1554422243,66,44.83,-0.61,282.15,5.7
107,Kaoma,0,ZM,1554422558,67,-14.8,24.8,290.767,3.21
108,Lagoa,40,PT,1554422529,87,37.14,-8.45,286.48,6.7
109,Christchurch,92,NZ,1554422454,87,-43.53,172.64,283.15,4.6
110,Sur,48,OM,1554422355,80,22.57,59.53,299.967,1.51
111,Butaritari,88,KI,1554422560,100,3.07,172.79,298.817,2.36
112,Pokhvistnevo,36,RU,1554422560,84,53.65,52.12,270.367,2.56
113,Nanortalik,80,GL,1554422560,95,60.14,-45.24,272.667,15.11
114,Praia da Vitoria,75,PT,1554422456,66,38.73,-27.07,286.15,10.21
115,Yegorlykskaya,0,RU,1554422561,70,46.56,40.65,269.967,1.26
116,Ilhabela,0,BR,1554422429,90,-23.78,-45.36,298.967,7.26
117,Juneau,90,US,1554418560,80,58.3,-134.42,278.15,5.7
118,Puerto Narino,75,CO,1554418800,94,-3.77,-70.38,301.15,1.0
119,Mapimi,75,MX,1554422412,10,25.82,-103.85,304.15,2.1
120,Hobart,20,AU,1554422416,44,-42.88,147.33,292.04,5.1
121,Clarence Town,75,AU,1554422472,88,-32.59,151.78,295.93,5.1
122,Nargana,88,PA,1554422562,98,9.44,-78.59,300.367,5.66
123,Vuktyl,0,RU,1554422562,83,63.86,57.31,271.417,2.76
124,Ilulissat,40,GL,1554418200,45,69.22,-51.1,270.15,10.8
125,Vaini,24,IN,1554422563,84,15.34,74.49,292.417,0.81
126,Cairns,40,AU,1554422008,65,-16.92,145.77,302.04,8.2
127,Vredendal,92,ZA,1554422563,96,-31.68,18.49,288.167,1.51
128,Fereydun Kenar,12,IR,1554422563,95,36.69,52.52,281.167,1.26
129,Dunmore Town,80,BS,1554422564,100,25.5,-76.65,297.067,8.26
130,Canmore,90,CA,1554422425,56,51.09,-115.35,284.26,5.7
131,Luanda,75,AO,1554418800,83,-8.83,13.24,301.15,1.5
132,Torbay,20,CA,1554422545,90,47.66,-52.73,273.71,11.8
133,Nortelandia,36,BR,1554422564,84,-14.45,-56.8,299.317,1.86
134,Nishihara,75,JP,1554422555,47,35.74,139.53,292.04,5.1
135,Coahuayana,0,MX,1554422565,23,18.62,-100.35,303.167,1.31
136,Hofn,64,IS,1554422565,100,64.25,-15.21,275.167,4.16
137,Tiksi,0,RU,1554422564,71,71.64,128.87,269.767,2.66
138,Orlandia,0,BR,1554418800,61,-20.72,-47.89,300.15,1.5
139,Yaan,0,NG,1554422565,70,7.38,8.57,301.617,6.21
140,Skibbereen,0,IE,1554420600,74,51.55,-9.27,275.15,3.1
141,Kulhudhuffushi,0,MV,1554422566,100,6.62,73.07,301.917,2.41
142,Lavrentiya,0,RU,1554422566,95,65.58,-170.99,267.767,9.31
143,Isangel,90,VU,1554418800,79,-19.55,169.27,302.15,4.1
144,Fairbanks,20,US,1554422462,36,64.84,-147.72,274.26,7.2
145,Cacequi,92,BR,1554422567,99,-29.88,-54.83,294.017,3.31
146,Lerwick,56,GB,1554420000,93,60.15,-1.15,281.15,3.6
147,Burgersdorp,80,ZA,1554422567,90,-30.99,26.32,283.717,2.21
148,Atuona,76,PF,1554422568,99,-9.8,-139.03,301.217,7.06
149,Katsuura,75,JP,1554420848,62,33.93,134.5,286.48,5.1
150,Meadow Lake,75,CA,1554419340,63,54.13,-108.44,272.15,5.7
151,Mezen,88,RU,1554422568,98,65.85,44.24,273.517,1.96
152,The Valley,40,AI,1554422501,69,18.22,-63.06,299.15,5.1
153,Kamenka,88,RU,1554422569,98,53.19,44.05,272.917,3.06
154,Avarua,24,CK,1554420600,88,-21.21,-159.78,297.15,2.1
155,Port Alfred,92,ZA,1554422513,94,-33.59,26.89,290.37,4.02
156,Arraial do Cabo,40,BR,1554418800,88,-22.97,-42.02,299.15,5.1
157,Hami,44,CN,1554422570,49,42.84,93.51,280.967,1.31
158,Ostrovnoy,8,RU,1554422570,82,68.05,39.51,266.417,3.51
159,Tuchlovice,0,CZ,1554422537,70,50.14,13.99,285.37,4.1
160,Marrakesh,40,MA,1554420600,93,31.63,-7.99,284.15,2.1
161,Biltine,0,TD,1554422571,18,14.53,20.93,296.567,5.26
162,Najran,0,SA,1554418800,38,17.54,44.22,297.15,5.1
163,Marsa Matruh,20,EG,1554418800,93,31.35,27.25,285.15,1.0
164,Port Hedland,0,AU,1554420600,78,-20.31,118.58,297.15,3.1
165,Port Hardy,90,CA,1554418800,71,50.7,-127.42,285.15,7.2
166,Sao Filipe,36,CV,1554422572,96,14.9,-24.5,294.517,8.51
167,Beitbridge,0,ZA,1554422572,88,-22.21,29.99,290.617,1.91
168,Lorengau,0,PG,1554422573,93,-2.02,147.27,302.417,2.06
169,Lahat,76,ID,1554422573,97,-3.78,103.55,295.967,1.51
170,Antofagasta,0,CL,1554418800,72,-23.65,-70.4,292.15,6.2
171,Kushiro,0,JP,1554418800,38,43.11,144.15,277.15,1.5
172,Marsh Harbour,64,BS,1554422346,100,26.54,-77.06,296.917,7.56
173,Barabinsk,88,RU,1554422574,87,55.35,78.35,272.667,7.96
174,Raudeberg,0,NO,1554422408,70,61.99,5.14,281.15,1.5
175,Mogadishu,0,SO,1554422398,100,2.04,45.34,301.167,6.21
176,Chiknayakanhalli,0,IN,1554422574,81,13.42,76.62,291.367,1.36
177,Kahului,20,US,1554422559,45,20.89,-156.47,303.15,10.8
178,Umm Lajj,0,SA,1554422371,100,25.02,37.27,289.917,1.96
179,Iquitos,20,PE,1554418800,79,-3.75,-73.25,303.15,1.5
180,Atbasar,68,KZ,1554422575,98,51.81,68.36,277.717,3.01
181,Geraldton,20,CA,1554418800,31,49.72,-86.95,274.15,6.7
182,Harnosand,88,SE,1554422119,86,62.63,17.94,275.15,3.1
183,Bicester,75,GB,1554422548,100,51.9,-1.15,280.37,6.31
184,Namibe,0,AO,1554422373,100,-15.19,12.15,299.017,4.66
185,Cameron Park,90,US,1554422567,76,38.68,-120.99,292.04,2.1
186,Jian,0,IN,1554422571,72,25.65,87.89,294.467,5.71
187,Mounana,92,GA,1554422576,99,-1.38,13.16,295.167,1.11
188,Bilibino,0,RU,1554422576,71,68.06,166.44,272.617,1.41
189,Honningsvag,48,NO,1554422576,98,70.98,25.97,270.717,1.96
190,Kobayashi,75,JP,1554422552,71,32.03,131.02,288.15,2.6
191,Hirara,75,JP,1554419580,100,24.8,125.28,294.15,4.1
192,Cockburn Town,56,TC,1554422577,98,21.46,-71.14,298.967,7.26
193,Airai,88,TL,1554422570,91,-8.93,125.41,294.467,0.46
194,Monywa,8,MM,1554422578,79,22.12,95.13,294.167,3.01
195,Chapais,1,CA,1554418800,52,49.78,-74.86,264.15,8.7
196,Touros,20,BR,1554418800,94,-5.2,-35.46,299.15,1.5
197,Flers,0,FR,1554422479,75,48.75,-0.57,281.48,5.7
198,Moengo,68,SR,1554422579,94,5.62,-54.4,296.417,1.76
199,Rosarito,75,CO,1554418800,100,4.91,-75.23,298.15,1.5
200,Richards Bay,88,ZA,1554422579,96,-28.77,32.06,294.417,5.36
201,Cherskiy,0,RU,1554422579,73,68.75,161.3,270.167,1.06
202,Saint George,20,GR,1554421999,87,39.45,22.34,284.26,1.21
203,Ketchikan,90,US,1554422160,81,55.34,-131.65,280.15,9.3
204,Sorland,0,NO,1554422580,100,67.67,12.69,276.417,6.81
205,Panama City,90,US,1554422327,68,30.16,-85.65,294.82,5.1
206,Corinth,20,GR,1554422561,76,37.94,22.93,286.48,1.5
207,Northam,75,GB,1554422534,93,51.04,-4.21,279.26,5.1
208,Nome,75,US,1554422565,78,30.04,-94.42,299.82,5.1
209,Black Diamond,90,CA,1554422565,35,50.69,-114.23,285.37,5.7
210,Cravo Norte,0,CO,1554422581,34,6.3,-70.2,305.817,4.51
211,Ilebo,68,CD,1554422582,98,-4.33,20.59,295.917,1.31
212,Port-Gentil,40,GA,1554418800,89,-0.72,8.78,302.15,3.6
213,Palm Coast,20,US,1554422564,68,29.55,-81.22,295.37,3.6
214,Neiafu,0,TO,1554422582,100,-18.65,-173.98,301.067,4.31
215,Pahrump,40,US,1554422554,21,36.21,-115.98,295.15,8.7
216,Rawson,0,AR,1554422352,37,-43.3,-65.11,286.367,2.76
217,Bafq,0,IR,1554422583,43,31.6,55.4,282.167,1.21
218,Sola,0,NO,1554422461,81,58.89,5.65,282.59,3.1
219,Araxa,76,BR,1554422398,80,-19.59,-46.94,294.917,1.36
220,Gillette,44,US,1554422041,41,44.29,-105.5,289.26,3.58
221,Dingle,0,PH,1554422569,76,11.0,122.67,299.667,4.36
222,Leningradskiy,20,RU,1554422584,100,69.38,178.42,261.817,3.01
223,Elk Plain,90,US,1554422561,47,47.04,-122.37,290.37,1.5
224,Kavaratti,0,IN,1554422293,100,10.57,72.64,301.617,1.21
225,Hasaki,75,JP,1554422075,58,35.73,140.83,287.59,2.6
226,Faanui,80,PF,1554422565,100,-16.48,-151.75,300.467,3.16
227,Garissa,48,KE,1554422585,82,-0.46,39.64,298.317,2.31
228,Kavieng,48,PG,1554422585,100,-2.57,150.8,301.167,0.91
229,Guozhen,0,CN,1554422585,96,29.3,113.14,286.017,3.11
230,Cap-Haitien,0,HT,1554422585,82,19.76,-72.2,299.817,9.16
231,Gashua,0,NG,1554422586,24,12.87,11.04,297.967,3.01
232,Chuy,92,UY,1554422465,98,-33.69,-53.46,293.117,5.01
233,Timberlake,40,US,1554422570,87,32.26,-81.31,293.15,2.6
234,Sangar,0,RU,1554422569,65,63.92,127.47,270.717,1.31
235,Kathu,88,ZA,1554422479,95,-27.7,23.05,285.93,2.56
236,Mareeba,40,AU,1554422298,65,-16.99,145.42,302.04,8.2
237,Talnakh,68,RU,1554422587,82,69.49,88.39,264.917,1.96
238,Brownsville,1,US,1554422557,58,25.91,-97.49,302.15,2.1
239,Lososina,76,RU,1554422588,78,49.0,140.31,274.017,1.36
240,Toamasina,20,MG,1554418800,100,-18.17,49.38,297.15,1.01
241,Quezon,20,PH,1554422588,87,16.49,121.26,295.067,0.96
242,Shimoda,75,JP,1554422411,48,34.7,138.93,289.82,9.8
243,Yichang,0,CN,1554422589,82,30.77,111.32,285.667,1.21
244,Bow Island,75,CA,1554422462,23,49.87,-111.38,291.15,2.1
245,Sawang Daen Din,32,TH,1554422589,91,17.48,103.46,296.417,1.51
246,Teknaf,88,BD,1554422589,94,20.86,92.31,296.767,1.01
247,Aykhal,36,RU,1554422354,70,65.95,111.51,263.967,1.66
248,Jutai,100,BR,1554422590,99,-1.71,-47.89,295.767,1.51
249,Karpogory,68,RU,1554422590,73,64.0,44.44,273.417,3.06
250,Ojinaga,1,US,1554421541,10,29.56,-104.41,302.15,4.1
251,Souillac,0,FR,1554422460,81,45.6,-0.6,282.04,4.1
252,Moron,80,VE,1554422591,88,10.49,-68.2,294.367,1.81
253,Kisangani,48,CD,1554422591,92,0.52,25.21,297.917,1.16
254,Qarayeri,40,AZ,1554420600,87,40.79,46.31,280.15,4.1
255,Longyearbyen,90,NO,1554421800,92,78.22,15.63,271.15,14.4
256,Dikson,56,RU,1554422579,100,73.51,80.55,265.267,3.66
257,La Ronge,90,CA,1554418800,58,55.1,-105.3,271.15,5.1
258,Vata de Jos,20,RO,1554422592,69,46.18,22.6,275.767,1.21
259,Magaria,0,NE,1554422592,48,13.0,8.91,295.767,1.61
260,Westlock,90,CA,1554422583,74,54.15,-113.85,274.82,2.6
261,Cabo San Lucas,75,MX,1554422129,38,22.89,-109.91,302.15,5.1
262,Moryakovskiy Zaton,0,RU,1554422432,66,56.7,84.65,273.15,4.0
263,Mahebourg,20,MU,1554422343,88,-20.41,57.7,297.59,0.5
264,Henties Bay,0,NA,1554422529,92,-22.12,14.28,288.15,1.34
265,Dhidhdhoo,0,MV,1554422593,100,6.88,73.1,301.917,2.41
266,Victoria,75,BN,1554420600,94,5.28,115.24,300.15,1.16
267,Bubaque,24,GW,1554422593,85,11.28,-15.83,301.267,6.81
268,Lebork,0,PL,1554422344,52,54.54,17.75,281.48,3.6
269,Rabo de Peixe,75,PT,1554422544,62,37.8,-25.58,285.93,6.7
270,Beringovskiy,80,RU,1554422594,100,63.05,179.32,269.067,4.91
271,Tshikapa,64,CD,1554422594,100,-6.42,20.79,294.167,1.51
272,Saldanha,92,PT,1554422579,98,41.42,-6.55,277.967,4.81
273,Lata,8,IN,1554422595,72,30.78,78.62,280.317,1.21
274,Mount Gambier,36,AU,1554418800,49,-37.83,140.78,295.15,8.7
275,Nova Olimpia,44,BR,1554422595,76,-14.8,-57.29,301.617,2.61
276,Dromolaxia,40,CY,1554422485,93,34.88,33.59,287.15,4.6
277,Barao de Melgaco,40,BR,1554418800,70,-16.19,-55.97,303.15,3.1
278,Mehamn,80,NO,1554422596,83,71.03,27.85,270.067,2.31
279,Bathsheba,40,BB,1554418800,69,13.22,-59.52,299.15,9.3
280,Tamasopo,0,MX,1554422596,25,21.92,-99.39,302.867,3.21
281,Mariestad,80,SE,1554422449,74,58.71,13.82,278.15,1.5
282,Claremore,40,US,1554422292,67,36.31,-95.62,293.15,2.6
283,Aktau,0,KZ,1554420600,76,43.65,51.16,283.15,6.0
284,Mount Isa,0,AU,1554420600,48,-20.73,139.49,301.15,5.7
285,Ngunguru,20,NZ,1554422584,68,-35.62,174.5,292.59,3.13
286,San-Pedro,36,CI,1554422598,86,4.75,-6.64,300.267,4.21
287,Avera,1,US,1554422450,42,33.19,-82.53,295.15,3.6
288,Labuhan,92,ID,1554422345,95,-2.54,115.51,296.417,1.41
289,Qaanaaq,64,GL,1554422598,86,77.48,-69.36,257.667,2.46
290,Tieling,0,CN,1554422598,61,42.29,123.84,278.867,5.86
291,Wuwei,0,CN,1554422599,46,37.93,102.64,273.167,2.86
292,Kaitangata,92,NZ,1554422516,53,-46.28,169.85,285.37,4.92
293,Jinchang,0,CN,1554422308,63,38.52,102.19,273.667,3.26
294,Pangnirtung,8,CA,1554422354,63,66.15,-65.72,253.317,2.86
295,Saint-Georges,76,CA,1554421629,54,46.12,-70.67,269.82,5.36
296,Ponta do Sol,48,BR,1554422591,94,-20.63,-46.0,292.567,0.71
297,Arroyo,1,US,1554422563,38,41.39,-78.88,283.15,1.21
298,Sibu,75,MY,1554418800,94,2.29,111.83,298.15,1.5
299,Abha,0,SA,1554418800,93,18.22,42.5,289.15,5.1
300,Podor,0,MR,1554418800,38,16.65,-14.96,298.15,1.0
301,Petropavlovsk-Kamchatskiy,90,RU,1554418800,89,53.05,158.65,275.15,2.0
302,Narsaq,92,GL,1554418200,20,60.91,-46.05,280.15,7.7
303,Peterhead,0,AU,1554422561,23,-34.83,138.5,304.82,8.7
304,Mazagao,75,BR,1554418800,100,-0.12,-51.29,298.15,2.1
305,Farmington,1,US,1554422407,20,36.73,-108.21,291.15,2.6
306,Aswan,0,EG,1554418800,26,24.09,32.9,294.15,5.1
307,Morgan City,90,US,1554422503,100,29.7,-91.21,290.37,3.1
308,Maralal,36,KE,1554422602,90,1.1,36.7,286.817,1.11
309,Kyzyl-Suu,8,KG,1554422603,100,42.34,78.0,275.967,1.66
310,Nikolskoye,0,RU,1554422438,44,59.7,30.79,278.15,2.0
311,Norman Wells,20,CA,1554418800,51,65.28,-126.83,262.15,5.1
312,Selb,90,DE,1554422599,93,50.17,12.13,280.93,2.6
313,Hazaribag,8,IN,1554422603,60,23.98,85.35,292.067,2.21
314,Rocha,48,UY,1554422604,77,-34.48,-54.34,292.817,6.36
315,San Antonio,0,CL,1554418800,82,-33.58,-71.61,291.15,2.1
316,Outjo,0,NA,1554422604,76,-20.11,16.16,287.967,1.21
317,Kolobrzeg,8,PL,1554422345,56,54.18,15.58,283.15,6.26
318,San Cristobal,92,EC,1554422519,87,-0.39,-78.55,284.82,0.45
319,Naruto,75,JP,1554422520,57,34.18,134.62,289.15,4.1
320,Bonavista,36,CA,1554422545,77,48.65,-53.11,272.59,8.49
321,Kurumkan,8,RU,1554422605,76,54.33,110.32,260.817,0.86
322,Nichinan,75,JP,1554422552,51,31.65,131.31,288.15,7.2
323,Keila,0,EE,1554422589,55,59.31,24.42,278.15,1.5
324,Koshki,64,RU,1554422606,91,54.2,50.47,272.967,3.11
325,Praia,0,BR,1554418800,73,-20.25,-43.81,297.15,2.1
326,Hithadhoo,64,MV,1554422289,100,-0.6,73.08,300.717,1.56
327,Pemba,0,MZ,1554422607,100,-12.97,40.52,301.467,3.51
328,Alim,0,NG,1554422607,87,7.18,7.33,298.067,5.26
329,Saquena,24,PE,1554422607,62,-4.67,-73.52,302.417,2.31
330,Rognan,0,NO,1554422480,64,67.1,15.4,274.15,7.7
331,Teya,75,MX,1554417780,22,21.05,-89.07,311.15,5.1
332,Bereda,40,ES,1554422589,93,43.27,-7.54,280.93,4.1
333,Carnarvon,8,ZA,1554422608,75,-30.97,22.13,284.767,7.16
334,Muscat,0,OM,1554418200,74,23.6,58.55,300.15,2.6
335,Worland,1,US,1554422446,20,44.02,-107.96,292.15,2.1
336,Madimba,0,CM,1554418800,100,4.42,9.93,297.15,0.5
337,Gornyak,56,KZ,1554422609,77,51.0,81.46,275.217,3.36
338,Daru,12,SL,1554422609,77,7.99,-10.85,298.717,2.86
339,Whitecourt,75,CA,1554418800,72,54.14,-115.68,274.15,2.6
340,Nantucket,1,US,1554422565,20,41.28,-70.1,281.48,5.1
341,Sovetskiy,0,RU,1554422610,71,56.76,48.47,266.267,3.71
342,Anadyr,0,RU,1554422554,85,64.73,177.51,265.93,2.0
343,Pagudpud,20,PH,1554422400,78,18.56,120.79,301.15,4.1
344,Belyy Yar,0,RU,1554418800,68,53.6,91.39,269.15,2.0
345,Miles City,40,US,1554422243,29,46.41,-105.84,292.15,6.7
346,Saskylakh,0,RU,1554422589,81,71.97,114.09,262.767,3.21
347,Flinders,40,AU,1554422528,72,-34.58,150.85,294.26,2.1
348,Gibara,40,CU,1554418200,65,21.11,-76.13,300.15,9.3
349,Seymchan,0,RU,1554422611,86,62.93,152.39,271.517,3.66
350,Ostrowiec Swietokrzyski,8,PL,1554422593,42,50.93,21.39,282.59,0.45
351,Beipiao,8,CN,1554422612,27,41.8,120.76,278.067,6.61
352,Owando,8,CG,1554422612,96,-0.49,15.91,296.367,1.41
353,Saurimo,56,AO,1554422612,87,-9.66,20.4,293.967,1.26
354,Pucara,40,BO,1554418800,39,-16.6,-68.57,283.15,3.6
355,Mackenzie,75,CA,1554418800,48,55.34,-123.09,280.15,5.7
356,Yarega,0,RU,1554422614,77,63.43,53.58,272.467,3.26
357,Boguchany,0,RU,1554422614,82,58.38,97.46,267.017,1.46
358,Iranshahr,0,IR,1554422614,52,27.21,60.69,291.067,1.06
359,Peniche,20,PT,1554422475,81,39.36,-9.38,284.26,3.6
360,Togur,36,RU,1554422615,70,58.36,82.83,265.617,1.16
361,Guerrero Negro,0,MX,1554422335,61,27.97,-114.04,291.817,5.56
362,Lebu,75,ET,1554418800,93,8.96,38.73,286.15,1.0
363,Rila,0,BG,1554422467,92,42.13,23.13,279.15,6.7
364,Axim,48,GH,1554422615,100,4.87,-2.24,300.867,6.61
365,Utiel,0,ES,1554422587,87,39.57,-1.21,284.26,1.5
366,Acapulco,5,MX,1554418080,66,16.86,-99.88,303.15,5.7
367,Okha,92,RU,1554422616,97,53.59,142.95,272.667,8.06
368,Dwarka,8,IN,1554420600,57,28.58,77.04,298.15,1.06
369,Le Port,64,FR,1554422510,59,42.87,1.37,277.59,0.45
370,Alexandria,90,US,1554422155,93,31.31,-92.44,292.59,3.1
371,Antalaha,80,MG,1554422618,98,-14.9,50.28,297.417,2.66
372,Alofi,75,NU,1554418800,78,-19.06,-169.92,301.15,4.6
373,Yarada,20,IN,1554418800,88,17.65,83.27,298.15,1.0
374,Minot,1,US,1554422610,44,48.23,-101.3,289.15,6.2
375,Ranong,20,TH,1554418800,100,9.96,98.62,297.15,2.41
376,Nyazepetrovsk,0,RU,1554422619,80,56.06,59.6,265.817,1.46
377,Waddan,32,LY,1554422619,42,29.16,16.14,291.117,2.86
378,Peshkovo,0,RU,1554418800,80,47.02,39.39,276.15,4.0
379,Jimenez,40,PA,1554418800,62,8.54,-82.37,303.15,3.6
380,Husavik,92,CA,1554422428,95,50.56,-96.99,275.37,4.47
381,La Asuncion,92,EC,1554422620,98,-1.64,-78.74,283.167,0.16
382,Masuguru,8,MZ,1554422620,86,-11.38,38.46,296.767,2.16
383,Novo Aripuana,12,BR,1554422620,81,-5.12,-60.38,301.017,1.66
384,Saryozek,92,KZ,1554422621,82,44.36,77.98,276.967,1.21
385,Broome,12,GB,1554422308,87,52.47,1.45,281.48,4.6
386,Necochea,0,AR,1554422481,74,-38.55,-58.74,289.82,4.47
387,Melfi,90,IT,1554418500,93,41.0,15.66,277.15,7.2
388,Beziers,0,FR,1554422526,74,43.35,3.22,278.15,1.5
389,Ancud,90,CL,1554418800,76,-41.87,-73.83,284.15,1.5
390,Roald,0,NO,1554422104,86,62.58,6.12,278.71,7.7
391,Japura,92,ID,1554422622,99,-0.42,102.29,295.867,1.11
392,Robe,68,ET,1554422622,74,7.12,40.01,287.667,1.26
393,Prienai,0,LT,1554420000,47,54.63,23.94,276.15,3.1
394,Vallenar,0,CL,1554422623,89,-28.58,-70.76,286.317,0.36
395,Zhezkazgan,0,KZ,1554422351,88,47.8,67.71,273.617,2.16
396,Tezu,92,IN,1554422353,79,27.93,96.16,285.517,0.61
397,Arkadak,92,RU,1554422623,97,51.94,43.49,273.417,2.66
398,Klaksvik,8,FO,1554421800,93,62.23,-6.59,279.15,5.7
399,Volchansk,0,RU,1554422624,70,59.94,60.08,266.217,1.86
400,Ballina,64,IE,1554422584,92,54.11,-9.15,277.59,0.89
401,Kapuskasing,5,CA,1554418800,36,49.42,-82.43,271.15,2.6
402,Riberalta,75,BO,1554418800,70,-11.0,-66.08,303.15,0.51
403,Qianan,88,CN,1554422625,64,44.99,124.06,276.717,8.86
404,Tarakan,48,ID,1554422625,100,3.3,117.63,299.117,1.51
405,Anamur,0,TR,1554418200,100,36.08,32.84,283.15,2.1
406,Conde,0,BR,1554422587,100,-11.81,-37.61,298.767,2.66
407,Okhotsk,92,RU,1554422329,73,59.36,143.24,275.017,3.01
408,Mier,92,IT,1554422624,93,46.13,12.19,286.15,1.0
409,Tomatlan,0,MX,1554422626,51,19.93,-105.25,301.217,1.61
410,Harper,1,US,1554422621,20,30.3,-99.24,304.15,4.6
411,Ville-Marie,1,CA,1554418800,42,47.33,-79.44,271.15,2.1
412,Sabang,64,PH,1554422627,100,13.72,123.58,297.667,1.36
413,Chippewa Falls,90,US,1554422611,96,44.94,-91.39,276.15,3.6
414,Gilgit,92,PK,1554422442,98,35.92,74.31,273.217,0.26
415,Aksarka,64,RU,1554422627,86,66.56,67.8,270.567,6.86
416,Hovd,75,NO,1554422464,73,63.83,10.7,280.15,5.1
417,Karakol,8,KG,1554422628,84,42.49,78.39,268.617,0.96
418,Cabedelo,0,BR,1554418800,83,-6.97,-34.84,300.15,2.6
419,Baneh,40,IR,1554418800,100,35.99,45.88,282.15,2.6
420,Mercedes,36,UY,1554422401,58,-33.25,-58.03,292.617,9.06
421,Rio Pomba,0,BR,1554418800,88,-21.28,-43.18,295.15,1.5
422,Turukhansk,20,RU,1554422629,79,65.8,87.96,261.167,1.36
423,Aasiaat,76,GL,1554422629,90,68.71,-52.87,271.017,3.31
424,Kibala,0,TD,1554418800,30,9.11,18.35,303.15,2.41
425,Namatanai,88,PG,1554422578,100,-3.66,152.44,300.017,1.76
426,Pacific Grove,90,US,1554422437,76,36.62,-121.92,290.93,4.6
427,Matara,56,PE,1554422630,48,-13.74,-72.9,283.367,0.86
428,Suntar,64,RU,1554422630,79,62.16,117.65,272.467,1.41
429,Port Lincoln,48,AU,1554422630,69,-34.72,135.86,295.767,10.61
430,Biloela,0,AU,1554422631,57,-24.4,150.51,297.417,5.76
431,Kiunga,36,PG,1554422631,83,-6.12,141.3,300.467,1.31
432,Kysyl-Syr,24,RU,1554422631,71,63.9,122.77,270.317,1.61
433,Luderitz,0,NA,1554422631,76,-26.65,15.16,289.917,8.06
434,Huilong,0,CN,1554422632,88,28.89,110.18,282.417,0.91
435,Mount Darwin,76,ZW,1554422632,83,-16.77,31.58,289.667,2.01
436,Otavi,0,NA,1554422632,85,-19.64,17.34,287.217,1.41
437,Willowmore,92,ZA,1554422632,96,-33.3,23.49,285.117,1.21
438,Horsham,12,AU,1554422633,61,-36.71,142.2,293.767,6.66
439,Vao,0,EE,1554422600,82,59.1,26.19,273.167,2.36
440,Esperance,20,TT,1554422106,69,10.24,-61.45,300.15,4.6
441,Natal,20,BR,1554418800,83,-5.81,-35.21,300.15,1.5
442,Buctzotz,24,MX,1554422633,45,21.2,-88.79,303.167,2.41
443,Talcahuano,0,CL,1554418800,71,-36.72,-73.12,287.15,5.7
444,Gushikawa,1,JP,1554422553,94,26.35,127.87,293.15,6.7
445,Cam Ranh,20,VN,1554420600,78,11.92,109.15,298.15,2.1
446,Sangre Grande,20,TT,1554422484,69,10.59,-61.13,300.15,4.6
447,Bantogon,32,PH,1554422634,69,6.53,124.03,299.167,0.41
448,Bakchar,76,RU,1554422634,75,57.02,82.07,271.517,2.66
449,Krasnogorsk,0,RU,1554422044,59,55.82,37.34,277.04,2.0
450,Camacha,40,PT,1554420600,67,33.08,-16.33,289.15,7.7
451,Yangambi,8,CD,1554422635,88,0.77,24.47,298.417,0.76
452,Mahibadhoo,0,MV,1554422480,100,3.78,72.97,301.767,2.11
453,Gander,75,CA,1554422530,50,48.95,-54.61,272.15,12.3
454,Myitkyina,44,MM,1554422636,96,25.38,97.4,289.817,1.71
455,Lazaro Cardenas,75,MX,1554422491,13,28.39,-105.62,301.15,8.2
456,Belaya Gora,48,RU,1554422636,96,68.54,146.19,263.167,2.01
457,Del Rio,1,US,1554418680,13,29.36,-100.9,305.15,3.6
458,Mao,20,DO,1554422423,69,19.55,-71.08,299.26,4.6
459,Moerai,68,PF,1554422637,100,-22.43,-151.33,297.267,3.56
460,Malinyi,8,TZ,1554422637,91,-8.94,36.14,293.867,0.31
461,San Policarpo,80,PH,1554422606,100,12.18,125.51,298.367,2.11
462,Podgornoye,44,RU,1554422638,66,57.79,82.64,267.967,1.81
463,Sao Miguel,64,BR,1554422638,84,4.52,-61.01,294.667,1.26
464,Yumen,0,CN,1554422638,30,40.29,97.04,281.217,5.16
465,Catuday,0,PH,1554422638,100,16.29,119.81,299.167,2.86
466,Valparaiso,90,US,1554422602,87,41.47,-87.06,280.37,6.7
467,Wagga Wagga,40,AU,1554422415,56,-35.12,147.37,294.82,7.7
468,Karratha,0,AU,1554422639,66,-20.74,116.85,299.067,1.61
469,Salalah,40,OM,1554418200,74,17.01,54.1,299.15,2.06
470,Manokwari,24,ID,1554422639,100,-0.87,134.08,300.567,0.96
471,Shakhtinsk,90,KZ,1554420600,93,49.71,72.59,280.15,5.0
472,Palm City,12,PK,1554422520,61,33.58,73.11,294.26,0.45
473,Verkhoyansk,0,RU,1554422640,79,67.55,133.39,267.967,1.66
474,Carbonear,20,CA,1554422545,92,47.73,-53.24,273.71,11.8
475,Kingston,20,CA,1554422542,59,44.23,-76.48,275.93,5.7
476,Mezinovskiy,92,RU,1554422642,86,55.48,40.41,272.817,4.36
477,Birin,92,SY,1554422642,93,35.01,36.67,281.467,1.66
478,Chake Chake,76,TZ,1554422642,100,-5.25,39.77,300.917,3.66
479,Adrar,40,DZ,1554418800,68,27.87,-0.29,291.15,8.2
480,Tongchuan,0,CN,1554418800,66,34.9,108.95,282.15,2.0
481,Kirtipur,75,NP,1554420000,93,27.68,85.28,288.15,1.5
482,Dali,0,CN,1554422644,100,25.6,100.24,278.267,0.96
483,Cayenne,75,GF,1554420600,88,4.94,-52.33,298.15,3.6
484,Kasungu,8,MW,1554422644,87,-13.04,33.48,286.517,1.51
485,Saint Anthony,75,US,1554422494,50,43.97,-111.68,286.15,6.2
486,San Juan,20,PH,1554422585,66,14.6,121.03,302.59,4.1
487,Balvi,12,LV,1554422646,75,57.13,27.27,272.017,2.01
488,Tiznit,56,MA,1554422646,98,29.7,-9.73,287.317,4.56
489,Solnechnyy,48,RU,1554422088,75,50.72,136.64,272.067,1.86
490,Novo Horizonte,24,BR,1554422647,93,-12.81,-42.17,292.067,1.21
491,Krishnarajpet,20,IN,1554422647,90,12.65,76.49,291.117,1.36
492,Pasni,8,PK,1554422435,64,25.26,63.48,301.667,7.26
493,Yenagoa,56,NG,1554422648,85,4.92,6.26,299.867,3.81
494,San Patricio,92,PY,1554422597,97,-26.98,-56.83,296.267,2.51
495,Te Anau,32,NZ,1554422618,81,-45.41,167.72,279.667,2.51
496,Honiara,36,SB,1554422648,81,-9.43,159.96,301.567,1.31
497,Moussoro,0,TD,1554422421,34,13.64,16.49,295.667,1.91
498,Jamame,20,SO,1554422648,94,0.07,42.75,297.867,2.51
499,Morondava,64,MG,1554422649,100,-20.3,44.28,297.117,1.16
500,Whitehorse,75,CA,1554422531,49,60.72,-135.06,270.37,4.6
501,Taksimo,56,RU,1554422649,60,56.36,114.84,266.817,1.26
502,Zambezi,0,ZM,1554422650,75,-13.55,23.12,291.767,3.31
503,Takoradi,76,GH,1554422650,100,4.89,-1.75,300.467,5.21
504,Tocopilla,0,CL,1554422650,91,-22.09,-70.2,290.967,1.31
505,Igarka,68,RU,1554422650,89,67.47,86.57,266.167,4.11
506,Elesbao Veloso,88,BR,1554422650,95,-6.2,-42.14,295.717,0.96
507,Ygatimi,0,PY,1554422651,88,-24.08,-55.5,297.967,0.91
508,Sao Borja,92,BR,1554422420,99,-28.66,-56.0,294.917,1.96
509,Ceres,68,AR,1554422651,64,-29.88,-61.95,290.967,6.71
510,Miri,0,NG,1554422640,58,10.31,9.75,293.467,0.96
511,Khanu Woralaksaburi,0,TH,1554422651,94,16.06,99.86,295.267,1.41
512,Quatre Cocos,20,MU,1554422642,88,-20.21,57.76,297.59,0.5
513,Ziarat,12,PK,1554422652,83,30.38,67.73,277.067,1.51
514,Mwinilunga,0,ZM,1554422652,86,-11.73,24.43,290.667,1.46
515,Madisonville,90,US,1554422636,58,37.33,-87.5,290.15,3.1
516,Vilyuysk,68,RU,1554422653,77,63.75,121.63,270.417,1.66
517,Timra,92,SE,1554422119,86,62.49,17.33,275.15,3.1
518,Salym,0,RU,1554422601,79,60.06,71.48,266.467,1.91
519,Hargeysa,36,SO,1554422653,93,9.56,44.06,290.167,1.11
520,Hermiston,1,US,1554422457,31,45.84,-119.29,292.04,2.1
521,Pacifica,75,US,1554422517,59,37.61,-122.49,290.37,4.1
522,Ahipara,88,NZ,1554422365,83,-35.17,173.16,292.217,4.11
523,Blythe,1,US,1554422600,17,33.61,-114.59,301.48,6.2
524,Tigzirt,0,DZ,1554422308,80,36.57,4.2,283.71,0.89
525,Araouane,0,ML,1554422654,30,18.9,-3.53,302.417,6.51
526,Charters Towers,24,AU,1554422654,90,-20.07,146.27,295.917,6.16
527,Chenzhou,56,CN,1554422655,100,25.81,113.03,285.967,1.81
528,Maragogi,8,BR,1554422651,96,-9.01,-35.22,298.667,2.66
529,Xinzhi,75,TW,1554422395,83,22.54,120.62,298.15,3.6
530,Gbadolite,8,CD,1554422655,73,4.28,21.0,297.167,1.66
531,Prescott,1,US,1554422496,23,34.54,-112.47,293.15,5.1
532,Dillon,90,US,1554422444,40,45.22,-112.64,286.48,3.6
533,Arman,0,RU,1554422656,66,59.7,150.17,275.567,5.01
534,Seeboden,75,AT,1554422593,93,46.82,13.52,282.15,0.5
535,Kolyshley,92,RU,1554422656,97,52.7,44.54,273.417,3.76
536,North Las Vegas,40,US,1554422653,21,36.2,-115.11,297.15,8.7
537,Naze,12,NG,1554422570,91,5.43,7.07,296.917,3.31
538,Xining,0,CN,1554422610,70,36.62,101.77,267.567,1.16
539,Santa Maria,90,BR,1554418800,100,-29.69,-53.81,297.15,2.1
540,Abu Dhabi,0,AE,1554418800,39,24.47,54.37,302.15,3.6
541,Ardrishaig,80,GB,1554422433,81,56.02,-5.45,279.15,13.9
542,Amga,36,RU,1554422660,65,60.89,131.98,269.967,1.61
543,Apatity,12,RU,1554422660,88,67.57,33.4,264.667,1.46
544,Humberto de Campos,92,BR,1554422374,100,-2.6,-43.46,298.717,2.86
545,Vagur,92,FO,1554422660,95,61.47,-6.81,281.017,11.56
546,Viedma,0,AR,1554422575,60,-40.81,-62.99,287.167,3.91
547,Hagonoy,75,PH,1554422585,74,14.84,120.73,302.59,3.1
548,Kieta,88,PG,1554422614,100,-6.22,155.63,299.967,1.41
549,Erenhot,64,CN,1554422661,57,43.65,111.97,274.667,8.26
550,Alice Town,92,BS,1554422661,100,25.72,-79.3,297.317,8.51
551,Hamilton,90,BM,1554421581,68,32.3,-64.78,291.15,5.7
552,Durusu,75,TR,1554420000,100,37.53,40.83,282.15,1.0
553,Kungurtug,92,RU,1554422662,95,50.6,97.53,272.067,1.46
554,Buta,0,CD,1554422662,88,2.79,24.73,294.967,0.96
555,Santa Cruz,90,US,1554422401,67,36.97,-122.03,290.93,5.1
556,Sergeyevka,92,KZ,1554422663,96,53.88,67.42,273.317,5.81
557,Ambunti,24,PG,1554422663,96,-4.22,142.82,299.467,1.16
558,Benjamin Aceval,20,PY,1554418800,83,-24.97,-57.57,300.15,1.21
559,Houma,0,CN,1554422663,69,35.63,111.36,282.917,0.71
560,Verkhnyaya Sinyachikha,0,RU,1554422664,70,57.98,61.67,263.717,1.26
561,Yongan,64,CN,1554422594,42,39.7,113.69,278.467,2.06
562,Calama,40,CL,1554422469,58,-22.46,-68.93,287.15,8.7
563,Awjilah,80,LY,1554422664,38,29.14,21.3,290.817,4.41
564,Bikaner,8,IN,1554422572,36,28.02,73.32,297.167,1.26
565,Muhos,92,FI,1554422435,100,64.81,26.0,272.59,3.6
566,Coracora,0,PE,1554422665,61,-15.02,-73.78,277.967,1.01
567,Mugumu,36,TZ,1554422665,90,-1.84,34.67,288.317,2.11
568,Khor,8,RU,1554422665,54,47.88,134.96,275.167,5.16
569,Shimoni,44,KE,1554422665,100,-4.65,39.38,300.767,3.21
570,Ubauro,0,PK,1554422666,36,28.16,69.73,295.967,1.96
571,Sain Alto,0,MX,1554422666,16,23.58,-103.25,296.667,1.96
572,Lynn Haven,90,US,1554422631,68,30.25,-85.65,294.82,5.1
